16;301_CT
60;301_CT
17;302_CT
63;302_CT
152;303_WIND_1
119;308_RTPV_1
150;309_WIND_1
100;310_PV
103;310_PV
102;312_PV_1
19;313_CC_1
96;313_PV
99;313_PV
120;313_PV
129;313_PV
130;313_PV
131;313_PV
135;313_PV
121;313_PV
122;313_PV
123;313_PV
124;313_PV
125;313_PV
126;313_PV
127;313_PV
128;313_PV
29;314_PV
95;314_PV
97;314_PV
98;314_PV
71;315_CT
72;315_CT
73;315_CT
20;315_STEAM
67;315_STEAM
69;315_STEAM
21;316_STEAM_1
151;317_WIND_1
22;318_CC_1
107;319_PV_1
94;320_PV
132;320_PV
133;320_PV
134;320_PV
136;320_PV
137;320_PV
144;320_PV
23;321_CC_1
25;323_CC
75;323_CC
101;324_PV
104;324_PV
105;324_PV
24;322_CT
74;322_CT
